Wall time,Step,Value
1637131358.648175,0,1.4174901247024536
1637131376.025179,1,1.4416908025741577
1637131393.258666,2,1.5675092935562134
1637131410.48186,3,1.5102016925811768
1637131427.757048,4,1.535097599029541
1637131444.91814,5,1.4622777700424194
1637131462.448724,6,1.441570520401001
1637131479.757275,7,1.4584909677505493
1637131497.429117,8,1.5930284261703491
1637131515.039392,9,1.626516342163086
1637131532.372189,10,1.5727735757827759
